<?xml version="1.0" encoding="utf-8"?>
<ApplicationInstallerManifest>
   <DefaultInstallationDirectory>/Applications/adaptive_threshold_gui/</DefaultInstallationDirectory>
   <ApplicationName>adaptive_threshold_gui</ApplicationName>
   <ExecutableName>application/adaptive_threshold_gui.exe</ExecutableName>
   <GUID>0505059e-c91a-4712-bad4-f0f2e62516a5</GUID>
   <ApplicationIcon>default_icon_48.png</ApplicationIcon>
   <Logo>default_logo.png</Logo>
   <Version>1.0</Version>
   <InstallationNotes>In the following directions, replace MR/v97 by the directory on the target machine where MATLAB is installed, or MR by the directory where the MATLAB Runtime is installed.

If the environment variable DYLD_LIBRARY_PATH is undefined, set it to the following string:

MR/v97/runtime/maci64:MR/v97/sys/os/maci64:MR/v97/bin/maci64

If it is defined, set it to the following:

${DYLD_LIBRARY_PATH}:MR/v97/runtime/maci64:MR/v97/sys/os/maci64:MR/v97/bin/maci64
</InstallationNotes>
   <WelcomePanelText>adaptive_threshold_gui 1.0</WelcomePanelText>
   <MCRProducts>
      <MCRProduct>
         <ExternalProductIdentifier>35000</ExternalProductIdentifier>
      </MCRProduct>
      <MCRProduct>
         <ExternalProductIdentifier>35010</ExternalProductIdentifier>
      </MCRProduct>
   </MCRProducts>
</ApplicationInstallerManifest>